{"name":"03455621-14e8-482c-ab2a-9c3997a8cf44","id":"/providers/Microsoft.Flow/flows/03455621-14e8-482c-ab2a-9c3997a8cf44","type":"Microsoft.Flow/flows","properties":{"apiId":"/providers/Microsoft.PowerApps/apis/shared_logicflows","displayName":"DeletarAnexo","definition":{"metadata":{"workflowEntityId":null,"processAdvisorMetadata":null,"flowclientsuspensionreason":"None","flowclientsuspensiontime":null,"flowclientsuspensionreasondetails":null,"creator":{"id":"1626d234-d02c-441a-b3fa-0ced93618363","type":"User","tenantId":"c005bafc-7dc7-45a4-8673-97a261480efe"},"provisioningMethod":"FromDefinition","failureAlertSubscription":true,"clientLastModifiedTime":"2022-09-28T19:43:14.8788496Z"},"$schema":"https://schema.management.azure.com/providers/Microsoft.Logic/schemas/2016-06-01/workflowdefinition.json#","contentVersion":"1.0.0.0","parameters":{"$connections":{"defaultValue":{},"type":"Object"},"$authentication":{"defaultValue":{},"type":"SecureObject"}},"triggers":{"manual":{"metadata":{"operationMetadataId":"22031509-ba71-4311-b8de-b09d7f734f1c"},"type":"Request","kind":"PowerApp","inputs":{"schema":{"type":"object","properties":{"varFileName_Value":{"type":"string","description":"Enter initial value","x-ms-powerflows-param-ispartial":false},"Getattachments_Id":{"type":"string","description":"Id of the list item to get attachments from.","x-ms-powerflows-param-ispartial":false}},"required":["varFileName_Value","Getattachments_Id"]}}}},"actions":{"varFileName":{"runAfter":{},"metadata":{"operationMetadataId":"179d4d10-7ab6-4585-87eb-69827ebe3cbe"},"type":"InitializeVariable","inputs":{"variables":[{"name":"varFileName","type":"string","value":"@{triggerBody()['varFileName_Value']}"}]}},"try":{"actions":{"Get_attachments":{"runAfter":{},"metadata":{"operationMetadataId":"9c88d951-d5bf-4ebc-94fc-e4de2623d09f"},"type":"OpenApiConnection","inputs":{"host":{"apiId":"/providers/Microsoft.PowerApps/apis/shared_sharepointonline","connectionName":"shared_sharepointonline","operationId":"GetItemAttachments"},"parameters":{"dataset":"https://solucoessa.sharepoint.com/sites/CursoSharePoint","table":"e01e9425-7c69-41e8-8b98-7f817f8d38d6","itemId":"@triggerBody()['Getattachments_Id']"},"authentication":{"value":"@json(decodeBase64(triggerOutputs().headers['X-MS-APIM-Tokens']))['$ConnectionKey']","type":"Raw"}}},"Apply_to_each":{"foreach":"@body('Get_attachments')","actions":{"Condition":{"actions":{"Delete_attachment":{"runAfter":{},"metadata":{"operationMetadataId":"406eccc9-e6f6-411e-a7d7-9b34bb20b494"},"type":"OpenApiConnection","inputs":{"host":{"apiId":"/providers/Microsoft.PowerApps/apis/shared_sharepointonline","connectionName":"shared_sharepointonline","operationId":"DeleteAttachment"},"parameters":{"dataset":"https://solucoessa.sharepoint.com/sites/CursoSharePoint","table":"e01e9425-7c69-41e8-8b98-7f817f8d38d6","itemId":"@triggerBody()['Getattachments_Id']","attachmentId":"@item()?['Id']"},"authentication":{"value":"@json(decodeBase64(triggerOutputs().headers['X-MS-APIM-Tokens']))['$ConnectionKey']","type":"Raw"}}}},"runAfter":{},"expression":{"equals":["@item()?['DisplayName']","@variables('varFileName')"]},"metadata":{"operationMetadataId":"8007b218-7648-45f0-b5ce-a8da925aa286"},"type":"If"}},"runAfter":{"Get_attachments":["Succeeded"]},"metadata":{"operationMetadataId":"1ffc0a87-88b5-4b01-b5d4-972d71f1c99e"},"type":"Foreach"},"Respond_to_a_PowerApp_or_flow":{"runAfter":{"Apply_to_each":["Succeeded"]},"metadata":{"operationMetadataId":"2a667a4a-9062-4fd3-8d26-5c784c768d53"},"type":"Response","kind":"PowerApp","inputs":{"statusCode":200,"body":{"status":"200"},"schema":{"type":"object","properties":{"status":{"title":"Status","x-ms-dynamically-added":true,"type":"string"}}}}}},"runAfter":{"varFileName":["Succeeded"]},"metadata":{"operationMetadataId":"051b62b0-c9a3-4b21-9c62-0b7a7a30ee49"},"type":"Scope"},"catch":{"actions":{"Respond_to_a_PowerApp_or_flow_2":{"runAfter":{},"metadata":{"operationMetadataId":"af9ef1ee-0e76-43bc-9923-083e1073ab0e"},"type":"Response","kind":"PowerApp","inputs":{"statusCode":200,"body":{"status":"500"},"schema":{"type":"object","properties":{"status":{"title":"Status","x-ms-dynamically-added":true,"type":"string"}}}}}},"runAfter":{"try":["Failed","Skipped","TimedOut"]},"metadata":{"operationMetadataId":"23156b17-083c-437f-a284-ab23ab28166f"},"type":"Scope"}}},"connectionReferences":{"shared_sharepointonline":{"connectionName":"3d358aaaa1ac4b7caea126c53a13ffcc","source":"Invoker","id":"/providers/Microsoft.PowerApps/apis/shared_sharepointonline","tier":"NotSpecified"}},"flowFailureAlertSubscribed":false,"isManaged":false}}