{"schemaVersion":"1.0","appDefinitionTemplate":{"id":"/providers/Microsoft.PowerApps/apps/","type":"Microsoft.PowerApps/apps","tags":{"primaryDeviceWidth":"640","primaryDeviceHeight":"1136","sienaVersion":"20221020T222447Z-3.22102.19.0","deviceCapabilities":"webcam","supportsPortrait":"true","supportsLandscape":"true","primaryFormFactor":"Phone","publisherVersion":"3.22102.19","minimumRequiredApiVersion":"2.2.0","hasComponent":"false","hasUnlockedComponent":"false","isUnifiedRootApp":"false"},"properties":{"appVersion":"2022-10-20T22:24:47Z","lifeCycleId":"Published","createdByClientVersion":{"major":3,"minor":22102,"build":19,"revision":0,"majorRevision":0,"minorRevision":0},"minClientVersion":{"major":3,"minor":22102,"build":19,"revision":0,"majorRevision":0,"minorRevision":0},"backgroundColor":"RGBA(0,176,240,1)","backgroundImageUri":"/12696151253807344332/N90638c5c-83c1-4e55-81fa-600146099b2d-logoSmallFile","displayName":"Inventoryv2","description":"","commitMessage":"","appUris":{"documentUri":{"value":"/12696151253807344332/Nfdef0d7c-6ff3-4b28-8510-e08806698852-document.msapp"},"imageUris":[],"additionalUris":[]},"createdTime":"0001-01-01T00:00:00Z","lastModifiedTime":"0001-01-01T00:00:00Z","sharedGroupsCount":0,"sharedUsersCount":0,"connectionReferences":{"d51b021d-bef7-42fa-8fdf-0d2c3943da78":{"id":"f130fd87-aace-4c7e-b57e-75bf82d99e6b","displayName":"SharePoint","iconUri":"https://connectoricons-prod.azureedge.net/releases/v1.0.1601/1.0.1601.3047/sharepointonline/icon.png","dataSources":["Inventory","InventoryItems"],"dependencies":[],"dependents":["7ac4cfd0-b263-43b2-99fc-acf4eb10bfca"],"parameterHints":{},"parameterHintsV2":{},"isOnPremiseConnection":false,"bypassConsent":false,"dataSets":{"https://solucoessa.sharepoint.com/sites/CursoSharePoint":{"dataSources":{"Inventory":{"tableName":"b1f661c9-3ad6-4ca1-beb3-275765c33aa4"},"InventoryItems":{"tableName":"e01e9425-7c69-41e8-8b98-7f817f8d38d6"}}}},"apiTier":"Standard","isCustomApiConnection":false,"actions":["providers/PowerPlatform.Governance/Operations/Read","providers/PowerPlatform.Governance/Operations/Write"]},"7ac4cfd0-b263-43b2-99fc-acf4eb10bfca":{"id":"aadc2516-9ec8-4286-8baf-bb669b7fabf5","displayName":"Logic flows","iconUri":"https://connectoricons-prod.azureedge.net/releases/v1.0.1534/1.0.1534.2605/logicflows/icon.png","dataSources":["DeletarAnexo"],"dependencies":["d51b021d-bef7-42fa-8fdf-0d2c3943da78"],"dependents":[],"parameterHints":{"workflowName":{"value":"cf9c89fd-2eaf-4955-bf9e-043c51a99e73"},"workflowEntityId":{},"d51b021d-bef7-42fa-8fdf-0d2c3943da78":{"value":"shared_sharepointonline"}},"parameterHintsV2":{"workflowName":{"value":"cf9c89fd-2eaf-4955-bf9e-043c51a99e73"},"workflowEntityId":{},"shared_sharepointonline":{"value":"d51b021d-bef7-42fa-8fdf-0d2c3943da78"}},"isOnPremiseConnection":false,"bypassConsent":false,"dataSets":{},"apiTier":"Standard","isCustomApiConnection":false,"actions":["Run"],"nestedActions":[{"id":"/providers/Microsoft.PowerApps/apis/shared_sharepointonline/apiOperations/GetItemAttachments","apiName":"SharePoint","actionName":"GetItemAttachments","referencedResources":[{"key":"site","value":"https://solucoessa.sharepoint.com/sites/CursoSharePoint"},{"key":"list","value":"e01e9425-7c69-41e8-8b98-7f817f8d38d6"}]},{"id":"/providers/Microsoft.PowerApps/apis/shared_sharepointonline/apiOperations/DeleteAttachment","apiName":"SharePoint","actionName":"DeleteAttachment","referencedResources":[{"key":"site","value":"https://solucoessa.sharepoint.com/sites/CursoSharePoint"},{"key":"list","value":"e01e9425-7c69-41e8-8b98-7f817f8d38d6"}]}]}},"databaseReferences":{},"almMode":"Environment","performanceOptimizationEnabled":true,"canConsumeAppPass":true,"enableModernRuntimeMode":false,"executionRestrictions":{"isTeamsOnly":false,"dataLossPreventionEvaluationResult":{"status":"Compliant","lastEvaluationDate":"2023-02-16T18:44:56.9347802Z","violations":[],"violationsByPolicy":[],"violationErrorMessage":"The app uses the following connectors: shared_sharepointonline, shared_logicflows."},"httpActionRestriction":{"appUsesSharepointHttpAction":false,"enforcementStrategy":"Legacy","evaluationTime":"2023-02-16T18:44:56.9346416Z"}}},"appType":"ClassicCanvasApp","appComponents":[]}}